Name,Program Identifier,Inspection Date,Description,Address,City,Zip Code,Phone,Longitude,Latitude,Inspection Business Name,Inspection Type,Inspection Score,Inspection Result,Inspection Closed Business,Violation Type,Violation Description,Violation Points,Business_ID,Inspection_Serial_Num,Violation_Record_ID,Location
10 MERCER RESTAURANT,10 MERCER RESTAURANT,02/24/2016,Seating 13-50 - Risk Category III,10 MERCER ST,Seattle,98109,,-122.3561914741,47.6250635431,10 MERCER RESTAURANT,Routine Inspection/Field Review,15,Unsatisfactory,false,blue,"4200 - Food-contact surfaces maintained, clean, sanitized",5,PR0049572,DAHS37PNS,IVSDCSC2L,
10 MERCER RESTAURANT,10 MERCER RESTAURANT,02/24/2016,Seating 13-50 - Risk Category III,10 MERCER ST,Seattle,98109,,-122.3561914741,47.6250635431,10 MERCER RESTAURANT,Routine Inspection/Field Review,15,Unsatisfactory,false,red,"2500 - Toxic substances properly identified,...",10,PR0049572,DAHS37PNS,IVLA9OQM1,
10 MERCER RESTAURANT,10 MERCER RESTAURANT,09/30/2015,Seating 13-50 - Risk Category III,10 MERCER ST,Seattle,98109,,-122.3561914741,47.6250635431,10 MERCER RESTAURANT,Routine Inspection/Field Review,25,Unsatisfactory,false,red,1600 - Proper cooling procedure,25,PR0049572,DAB0N1N4G,IVUTC1IOA,
10 MERCER RESTAURANT,10 MERCER RESTAURANT,05/07/2015,Seating 13-50 - Risk Category III,10 MERCER ST,Seattle,98109,,-122.3561914741,47.6250635431,10 MERCER RESTAURANT,Consultation/Education - Field,0,Complete,false,,,0,PR0049572,DALSBVOA0,,
10 MERCER RESTAURANT,10 MERCER RESTAURANT,01/22/2015,Seating 13-50 - Risk Category III,10 MERCER ST,Seattle,98109,,-122.3561914741,47.6250635431,10 MERCER RESTAURANT,Routine Inspection/Field Review,35,Unsatisfactory,false,blue,"3400 - Wiping cloths properly used, stored, proper sanitizer",5,PR0049572,DAAQWFDUE,IVZB18PCJ,
10 MERCER RESTAURANT,10 MERCER RESTAURANT,01/22/2015,Seating 13-50 - Risk Category III,10 MERCER ST,Seattle,98109,,-122.3561914741,47.6250635431,10 MERCER RESTAURANT,Routine Inspection/Field Review,35,Unsatisfactory,false,red,2120 - Proper cold holding temperatures ( 42 degrees F to 45 degrees F),5,PR0049572,DAAQWFDUE,IVM5FHZTZ,
10 MERCER RESTAURANT,10 MERCER RESTAURANT,01/22/2015,Seating 13-50 - Risk Category III,10 MERCER ST,Seattle,98109,,-122.3561914741,47.6250635431,10 MERCER RESTAURANT,Routine Inspection/Field Review,35,Unsatisfactory,false,red,1600 - Proper cooling procedure,25,PR0049572,DAAQWFDUE,IVP9QQ5VM,
10 MERCER RESTAURANT,10 MERCER RESTAURANT,10/13/2014,Seating 13-50 - Risk Category III,10 MERCER ST,Seattle,98109,,-122.3561914741,47.6250635431,10 MERCER RESTAURANT,Routine Inspection/Field Review,15,Unsatisfactory,false,blue,"4200 - Food-contact surfaces maintained, clean, sanitized",5,PR0049572,DAXVNCBJE,IVGUWCTOT,
10 MERCER RESTAURANT,10 MERCER RESTAURANT,10/13/2014,Seating 13-50 - Risk Category III,10 MERCER ST,Seattle,98109,,-122.3561914741,47.6250635431,10 MERCER RESTAURANT,Routine Inspection/Field Review,15,Unsatisfactory,false,red,0600 - Adequate handwashing facilities,10,PR0049572,DAXVNCBJE,IVTJL0B80,
10 MERCER RESTAURANT,10 MERCER RESTAURANT,07/24/2014,Seating 13-50 - Risk Category III,10 MERCER ST,Seattle,98109,,-122.3561914741,47.6250635431,10 MERCER RESTAURANT,Consultation/Education - Field,0,Complete,false,,,0,PR0049572,DAYNHEAFM,,
10 MERCER RESTAURANT,10 MERCER RESTAURANT,02/28/2014,Seating 13-50 - Risk Category III,10 MERCER ST,Seattle,98109,,-122.3561914741,47.6250635431,10 MERCER RESTAURANT,Routine Inspection/Field Review,17,Unsatisfactory,false,blue,"4800 - Physical facilities properly installed,...",2,PR0049572,DA7MPSAAU,IVQKHEH0O,
10 MERCER RESTAURANT,10 MERCER RESTAURANT,02/28/2014,Seating 13-50 - Risk Category III,10 MERCER ST,Seattle,98109,,-122.3561914741,47.6250635431,10 MERCER RESTAURANT,Routine Inspection/Field Review,17,Unsatisfactory,false,blue,"4100 - Warewashing facilities properly installed,...",5,PR0049572,DA7MPSAAU,IVP9ZR2QX,
10 MERCER RESTAURANT,10 MERCER RESTAURANT,02/28/2014,Seating 13-50 - Risk Category III,10 MERCER ST,Seattle,98109,,-122.3561914741,47.6250635431,10 MERCER RESTAURANT,Routine Inspection/Field Review,17,Unsatisfactory,false,red,2110 - Proper cold holding temperatures (greater than  45 degrees F),10,PR0049572,DA7MPSAAU,IVPN0ZYFV,
10 MERCER RESTAURANT,10 MERCER RESTAURANT,12/08/2013,Seating 13-50 - Risk Category III,10 MERCER ST,Seattle,98109,,-122.3561914741,47.6250635431,10 MERCER RESTAURANT,Consultation/Education - Field,0,Complete,false,,,0,PR0049572,DAT2B6O4J,,
10 MERCER RESTAURANT,10 MERCER RESTAURANT,10/25/2013,Seating 13-50 - Risk Category III,10 MERCER ST,Seattle,98109,,-122.3561914741,47.6250635431,10 MERCER RESTAURANT,Return Inspection,0,Satisfactory,false,,,0,PR0049572,DA2473108,,
10 MERCER RESTAURANT,10 MERCER RESTAURANT,10/12/2013,Seating 13-50 - Risk Category III,10 MERCER ST,Seattle,98109,,-122.3561914741,47.6250635431,10 MERCER RESTAURANT,Routine Inspection/Field Review,25,Unsatisfactory,false,red,0600 - Adequate handwashing facilities,10,PR0049572,DA2469945,IV6807674,
10 MERCER RESTAURANT,10 MERCER RESTAURANT,10/12/2013,Seating 13-50 - Risk Category III,10 MERCER ST,Seattle,98109,,-122.3561914741,47.6250635431,10 MERCER RESTAURANT,Routine Inspection/Field Review,25,Unsatisfactory,false,red,2110 - Proper cold holding temperatures (greater than  45 degrees F),10,PR0049572,DA2469945,IV6807682,
10 MERCER RESTAURANT,10 MERCER RESTAURANT,10/12/2013,Seating 13-50 - Risk Category III,10 MERCER ST,Seattle,98109,,-122.3561914741,47.6250635431,10 MERCER RESTAURANT,Routine Inspection/Field Review,25,Unsatisfactory,false,red,0200 - Food Worker Cards current for all food workers; new food workers trained,5,PR0049572,DA2469945,IV6807710,
10 MERCER RESTAURANT,10 MERCER RESTAURANT,11/17/2012,Seating 13-50 - Risk Category III,10 MERCER ST,Seattle,98109,,-122.3561914741,47.6250635431,10 MERCER RESTAURANT,Routine Inspection/Field Review,10,Unsatisfactory,false,red,0600 - Adequate handwashing facilities,10,PR0049572,DA2390733,IV6187898,
10 MERCER RESTAURANT,10 MERCER RESTAURANT,06/25/2012,Seating 13-50 - Risk Category III,10 MERCER ST,Seattle,98109,,-122.3561914741,47.6250635431,10 MERCER RESTAURANT,Routine Inspection/Field Review,10,Unsatisfactory,false,red,2110 - Proper cold holding temperatures (greater than  45 degrees F),10,PR0049572,DA2345711,IV5506095,
10 MERCER RESTAURANT,10 MERCER RESTAURANT,10/08/2011,Seating 13-50 - Risk Category III,10 MERCER ST,Seattle,98109,,-122.3561914741,47.6250635431,10 MERCER RESTAURANT,Routine Inspection/Field Review,5,Unsatisfactory,false,blue,"4100 - Warewashing facilities properly installed,...",5,PR0049572,DA2271020,IV4203085,
10 MERCER RESTAURANT,10 MERCER RESTAURANT,02/17/2011,Seating 13-50 - Risk Category III,10 MERCER ST,Seattle,98109,,-122.3561914741,47.6250635431,10 MERCER RESTAURANT,Routine Inspection/Field Review,5,Unsatisfactory,false,red,0200 - Food Worker Cards current for all food...,5,PR0049572,DA2195807,IV3097477,
10 MERCER RESTAURANT,10 MERCER RESTAURANT,02/16/2011,Seating 13-50 - Risk Category III,10 MERCER ST,Seattle,98109,,-122.3561914741,47.6250635431,10 MERCER RESTAURANT,Routine Inspection/Field Review,0,Not Accessible,false,,,0,PR0049572,DA2195049,,
10 MERCER RESTAURANT,10 MERCER RESTAURANT,05/12/2010,Seating 13-50 - Risk Category III,10 MERCER ST,Seattle,98109,,-122.3561914741,47.6250635431,10 MERCER RESTAURANT,Routine Inspection/Field Review,30,Unsatisfactory,false,blue,"4200 - Food-contact surfaces maintained, clean, sanitized",5,PR0049572,DA2105416,IV1957809,
10 MERCER RESTAURANT,10 MERCER RESTAURANT,05/12/2010,Seating 13-50 - Risk Category III,10 MERCER ST,Seattle,98109,,-122.3561914741,47.6250635431,10 MERCER RESTAURANT,Routine Inspection/Field Review,30,Unsatisfactory,false,blue,3300 - Potential food contamination prevented during ...,5,PR0049572,DA2105416,IV1957767,
10 MERCER RESTAURANT,10 MERCER RESTAURANT,05/12/2010,Seating 13-50 - Risk Category III,10 MERCER ST,Seattle,98109,,-122.3561914741,47.6250635431,10 MERCER RESTAURANT,Routine Inspection/Field Review,30,Unsatisfactory,false,red,2110 - Proper cold holding temperatures (greater than  45 degrees F),10,PR0049572,DA2105416,IV1957754,
10 MERCER RESTAURANT,10 MERCER RESTAURANT,05/12/2010,Seating 13-50 - Risk Category III,10 MERCER ST,Seattle,98109,,-122.3561914741,47.6250635431,10 MERCER RESTAURANT,Routine Inspection/Field Review,30,Unsatisfactory,false,red,"2500 - Toxic substances properly identified,...",10,PR0049572,DA2105416,IV1957771,
10 MERCER RESTAURANT,10 MERCER RESTAURANT,07/01/2009,Seating 13-50 - Risk Category III,10 MERCER ST,Seattle,98109,,-122.3561914741,47.6250635431,10 MERCER RESTAURANT,Routine Inspection/Field Review,23,Unsatisfactory,false,blue,"4200 - Food-contact surfaces maintained, clean, sanitized",5,PR0049572,DA2002008,IV0921948,
10 MERCER RESTAURANT,10 MERCER RESTAURANT,07/01/2009,Seating 13-50 - Risk Category III,10 MERCER ST,Seattle,98109,,-122.3561914741,47.6250635431,10 MERCER RESTAURANT,Routine Inspection/Field Review,23,Satisfactory,false,blue,"4100 - Warewashing facilities properly installed,...",5,PR0049572,DA2003249,IV1074814,
10 MERCER RESTAURANT,10 MERCER RESTAURANT,07/01/2009,Seating 13-50 - Risk Category III,10 MERCER ST,Seattle,98109,,-122.3561914741,47.6250635431,10 MERCER RESTAURANT,Routine Inspection/Field Review,23,Satisfactory,false,blue,"4200 - Food-contact surfaces maintained, clean, sanitized",5,PR0049572,DA2003249,IV0933616,
10 MERCER RESTAURANT,10 MERCER RESTAURANT,07/01/2009,Seating 13-50 - Risk Category III,10 MERCER ST,Seattle,98109,,-122.3561914741,47.6250635431,10 MERCER RESTAURANT,Routine Inspection/Field Review,23,Satisfactory,false,blue,4300 - Non-food contact surfaces maintained and clean,3,PR0049572,DA2003249,IV0933617,
10 MERCER RESTAURANT,10 MERCER RESTAURANT,07/01/2009,Seating 13-50 - Risk Category III,10 MERCER ST,Seattle,98109,,-122.3561914741,47.6250635431,10 MERCER RESTAURANT,Routine Inspection/Field Review,23,Unsatisfactory,false,blue,"4100 - Warewashing facilities properly installed,...",5,PR0049572,DA2002008,IV0921962,
10 MERCER RESTAURANT,10 MERCER RESTAURANT,07/01/2009,Seating 13-50 - Risk Category III,10 MERCER ST,Seattle,98109,,-122.3561914741,47.6250635431,10 MERCER RESTAURANT,Routine Inspection/Field Review,23,Unsatisfactory,false,blue,4300 - Non-food contact surfaces maintained and clean,3,PR0049572,DA2002008,IV0921944,
10 MERCER RESTAURANT,10 MERCER RESTAURANT,07/01/2009,Seating 13-50 - Risk Category III,10 MERCER ST,Seattle,98109,,-122.3561914741,47.6250635431,10 MERCER RESTAURANT,Routine Inspection/Field Review,23,Satisfactory,false,red,2110 - Proper cold holding temperatures (greater than  45 degrees F),10,PR0049572,DA2003249,IV0933615,
10 MERCER RESTAURANT,10 MERCER RESTAURANT,07/01/2009,Seating 13-50 - Risk Category III,10 MERCER ST,Seattle,98109,,-122.3561914741,47.6250635431,10 MERCER RESTAURANT,Routine Inspection/Field Review,23,Unsatisfactory,false,red,2110 - Proper cold holding temperatures (greater than  45 degrees F),10,PR0049572,DA2002008,IV0922000,
10 MERCER RESTAURANT,10 MERCER RESTAURANT,02/05/2009,Seating 13-50 - Risk Category III,10 MERCER ST,Seattle,98109,,-122.3561914741,47.6250635431,10 MERCER RESTAURANT,Consultation/Education - Field,0,Complete,false,,,0,PR0049572,DA1946797,,
10 MERCER RESTAURANT,10 MERCER RESTAURANT,12/04/2008,Seating 13-50 - Risk Category III,10 MERCER ST,Seattle,98109,,-122.3561914741,47.6250635431,10 MERCER RESTAURANT,Consultation/Education - Field,0,Complete,false,,,0,PR0049572,DA1938458,,
10 MERCER RESTAURANT,10 MERCER RESTAURANT,11/17/2008,Seating 13-50 - Risk Category III,10 MERCER ST,Seattle,98109,,-122.3561914741,47.6250635431,10 MERCER RESTAURANT,Routine Inspection/Field Review,0,Satisfactory,false,,,0,PR0049572,DA1920692,,
10 MERCER RESTAURANT,10 MERCER RESTAURANT,03/20/2008,Seating 13-50 - Risk Category III,10 MERCER ST,Seattle,98109,,-122.3561914741,47.6250635431,10 MERCER RESTAURANT,Consultation/Education - Field,0,Complete,false,,,0,PR0049572,DA1826877,,
10 MERCER RESTAURANT,10 MERCER RESTAURANT,07/05/2007,Seating 13-50 - Risk Category III,10 MERCER ST,Seattle,98109,,-122.3561914741,47.6250635431,10 MERCER RESTAURANT,Consultation/Education - Field,0,Complete,false,,,0,PR0049572,DA1709374,,
10 MERCER RESTAURANT,10 MERCER RESTAURANT,03/02/2007,Seating 13-50 - Risk Category III,10 MERCER ST,Seattle,98109,,-122.3561914741,47.6250635431,10 MERCER RESTAURANT,Routine Inspection/Field Review,0,Satisfactory,false,,,0,PR0049572,DA1656657,,
10 MERCER RESTAURANT,10 MERCER RESTAURANT,11/13/2006,Seating 13-50 - Risk Category III,10 MERCER ST,Seattle,98109,,-122.3561914741,47.6250635431,10 MERCER RESTAURANT,Consultation/Education - Field,0,Complete,false,,,0,PR0049572,DA1608286,,
10 MERCER RESTAURANT,10 MERCER RESTAURANT,08/17/2006,Seating 13-50 - Risk Category III,10 MERCER ST,Seattle,98109,,-122.3561914741,47.6250635431,10 MERCER RESTAURANT,Routine Inspection/Field Review,15,Unsatisfactory,false,blue,Employee cleanliness and hygiene,3,PR0049572,DA1569962,IV0559938,
10 MERCER RESTAURANT,10 MERCER RESTAURANT,08/17/2006,Seating 13-50 - Risk Category III,10 MERCER ST,Seattle,98109,,-122.3561914741,47.6250635431,10 MERCER RESTAURANT,Routine Inspection/Field Review,15,Unsatisfactory,false,blue,Posting of permit; mobile establishment name...,2,PR0049572,DA1569962,IV0559939,
10 MERCER RESTAURANT,10 MERCER RESTAURANT,08/17/2006,Seating 13-50 - Risk Category III,10 MERCER ST,Seattle,98109,,-122.3561914741,47.6250635431,10 MERCER RESTAURANT,Routine Inspection/Field Review,15,Unsatisfactory,false,red,Proper cold holding temperatures (greater than  45 degrees F),10,PR0049572,DA1569962,IV0559937,
10 MERCER RESTAURANT,10 MERCER RESTAURANT,04/06/2006,Seating 13-50 - Risk Category III,10 MERCER ST,Seattle,98109,,-122.3561914741,47.6250635431,10 MERCER RESTAURANT,Routine Inspection/Field Review,5,Unsatisfactory,false,red,Raw meats below and away from RTE food,5,PR0049572,DA1513413,IV0545546,
1000 SPIRITS,1000 SPIRITS,04/07/2015,Seating 51-150 - Risk Category III,1225 1ST AVE,SEATTLE,98101,(206) 612-2660,-122.33822298,47.60653938,1000 SPIRITS,Routine Inspection/Field Review,25,Unsatisfactory,false,red,1900 - No room temperature storage; proper use of time...,25,PR0082813,DAX00B8DM,IVW7SDSB0,
1000 SPIRITS,1000 SPIRITS,01/14/2015,Seating 51-150 - Risk Category III,1225 1ST AVE,SEATTLE,98101,(206) 612-2660,-122.33822298,47.60653938,1000 SPIRITS,Routine Inspection/Field Review,70,Unsatisfactory,false,blue,"3200 - Insects, rodents, animals not present; entrance controlled.",5,PR0082813,DA1PEZKID,IVXYJZ6FV,
1000 SPIRITS,1000 SPIRITS,01/14/2015,Seating 51-150 - Risk Category III,1225 1ST AVE,SEATTLE,98101,(206) 612-2660,-122.33822298,47.60653938,1000 SPIRITS,Routine Inspection/Field Review,70,Unsatisfactory,false,red,0500 - Proper barriers used to prevent bare hand contact with ready to eat foods.,25,PR0082813,DA1PEZKID,IVVHGJEQH,
1000 SPIRITS,1000 SPIRITS,01/14/2015,Seating 51-150 - Risk Category III,1225 1ST AVE,SEATTLE,98101,(206) 612-2660,-122.33822298,47.60653938,1000 SPIRITS,Routine Inspection/Field Review,70,Unsatisfactory,false,red,0600 - Adequate handwashing facilities,10,PR0082813,DA1PEZKID,IVGLR9KOQ,
1000 SPIRITS,1000 SPIRITS,01/14/2015,Seating 51-150 - Risk Category III,1225 1ST AVE,SEATTLE,98101,(206) 612-2660,-122.33822298,47.60653938,1000 SPIRITS,Routine Inspection/Field Review,70,Unsatisfactory,false,red,0400 - Hands washed as required,25,PR0082813,DA1PEZKID,IVKXLANLV,
1000 SPIRITS,1000 SPIRITS,01/14/2015,Seating 51-150 - Risk Category III,1225 1ST AVE,SEATTLE,98101,(206) 612-2660,-122.33822298,47.60653938,1000 SPIRITS,Routine Inspection/Field Review,70,Unsatisfactory,false,red,2300 - Proper Consumer Advisory posted for raw ...,5,PR0082813,DA1PEZKID,IV2ILDEKM,
1000 SPIRITS,1000 SPIRITS,02/11/2014,Seating 51-150 - Risk Category III,1225 1ST AVE,SEATTLE,98101,(206) 612-2660,-122.33822298,47.60653938,1000 SPIRITS,Routine Inspection/Field Review,0,Satisfactory,false,,,0,PR0082813,DAEP0JDOR,,
1000 SPIRITS,1000 SPIRITS,10/17/2013,Seating 51-150 - Risk Category III,1225 1ST AVE,SEATTLE,98101,(206) 612-2660,-122.33822298,47.60653938,1000 SPIRITS,Consultation/Education - Field,0,Complete,false,,,0,PR0082813,DA2472199,,
1000 SPIRITS,1000 SPIRITS,03/05/2013,Seating 51-150 - Risk Category III,1225 1ST AVE,SEATTLE,98101,(206) 612-2660,-122.33822298,47.60653938,1000 SPIRITS,Routine Inspection/Field Review,0,Satisfactory,false,,,0,PR0082813,DA2421588,,
108 AUTHENTIC VIETNAMESE CUISINE,108 AUTHENTIC VIETNAMESE CUISINE,02/25/2016,Seating 51-150 - Risk Category III,18114 E VALLEY HWY,KENT,98032,,-122.219347,47.439923,108 AUTHENTIC VIETNAMESE CUISINE,Routine Inspection/Field Review,5,Satisfactory,false,blue,"4100 - Warewashing facilities properly installed,...",5,PR0071992,DAO4F1HGE,IVSSORTEW,
108 AUTHENTIC VIETNAMESE CUISINE,108 AUTHENTIC VIETNAMESE CUISINE,08/28/2015,Seating 51-150 - Risk Category III,18114 E VALLEY HWY,KENT,98032,,-122.219347,47.439923,108 AUTHENTIC VIETNAMESE CUISINE,Consultation/Education - Field,0,Complete,false,,,0,PR0071992,DAIQ0PJIG,,
108 AUTHENTIC VIETNAMESE CUISINE,108 AUTHENTIC VIETNAMESE CUISINE,02/19/2015,Seating 51-150 - Risk Category III,18114 E VALLEY HWY,KENT,98032,,-122.219347,47.439923,108 AUTHENTIC VIETNAMESE CUISINE,Routine Inspection/Field Review,15,Unsatisfactory,false,blue,"4100 - Warewashing facilities properly installed,...",5,PR0071992,DABZCT0D9,IVA17E1NK,
108 AUTHENTIC VIETNAMESE CUISINE,108 AUTHENTIC VIETNAMESE CUISINE,02/19/2015,Seating 51-150 - Risk Category III,18114 E VALLEY HWY,KENT,98032,,-122.219347,47.439923,108 AUTHENTIC VIETNAMESE CUISINE,Routine Inspection/Field Review,15,Unsatisfactory,false,red,2110 - Proper cold holding temperatures (greater than  45 degrees F),10,PR0071992,DABZCT0D9,IVY00410J,
108 AUTHENTIC VIETNAMESE CUISINE,108 AUTHENTIC VIETNAMESE CUISINE,09/30/2014,Seating 51-150 - Risk Category III,18114 E VALLEY HWY,KENT,98032,,-122.219347,47.439923,108 AUTHENTIC VIETNAMESE CUISINE,Routine Inspection/Field Review,10,Satisfactory,false,blue,2900 - Adequate equipment for temperature control,5,PR0071992,DAVE0XA8E,IV8HW0E1O,
108 AUTHENTIC VIETNAMESE CUISINE,108 AUTHENTIC VIETNAMESE CUISINE,09/30/2014,Seating 51-150 - Risk Category III,18114 E VALLEY HWY,KENT,98032,,-122.219347,47.439923,108 AUTHENTIC VIETNAMESE CUISINE,Routine Inspection/Field Review,10,Satisfactory,false,blue,"4100 - Warewashing facilities properly installed,...",5,PR0071992,DAVE0XA8E,IVZBLK7ON,
108 AUTHENTIC VIETNAMESE CUISINE,108 AUTHENTIC VIETNAMESE CUISINE,05/22/2014,Seating 51-150 - Risk Category III,18114 E VALLEY HWY,KENT,98032,,-122.219347,47.439923,108 AUTHENTIC VIETNAMESE CUISINE,Routine Inspection/Field Review,30,Unsatisfactory,false,blue,2900 - Adequate equipment for temperature control,5,PR0071992,DAGUPCZB9,IVXJWKNDL,
108 AUTHENTIC VIETNAMESE CUISINE,108 AUTHENTIC VIETNAMESE CUISINE,05/22/2014,Seating 51-150 - Risk Category III,18114 E VALLEY HWY,KENT,98032,,-122.219347,47.439923,108 AUTHENTIC VIETNAMESE CUISINE,Routine Inspection/Field Review,30,Unsatisfactory,false,blue,"4100 - Warewashing facilities properly installed,...",5,PR0071992,DAGUPCZB9,IVP9YBT6A,
108 AUTHENTIC VIETNAMESE CUISINE,108 AUTHENTIC VIETNAMESE CUISINE,05/22/2014,Seating 51-150 - Risk Category III,18114 E VALLEY HWY,KENT,98032,,-122.219347,47.439923,108 AUTHENTIC VIETNAMESE CUISINE,Routine Inspection/Field Review,30,Unsatisfactory,false,blue,"3300 - Potential food contamination prevented during delivery,  preparation, storage, display",5,PR0071992,DAGUPCZB9,IVJXVCHUW,
108 AUTHENTIC VIETNAMESE CUISINE,108 AUTHENTIC VIETNAMESE CUISINE,05/22/2014,Seating 51-150 - Risk Category III,18114 E VALLEY HWY,KENT,98032,,-122.219347,47.439923,108 AUTHENTIC VIETNAMESE CUISINE,Routine Inspection/Field Review,30,Unsatisfactory,false,red,0200 - Food Worker Cards current for all food workers; new food workers trained,5,PR0071992,DAGUPCZB9,IVG3FPIHL,
108 AUTHENTIC VIETNAMESE CUISINE,108 AUTHENTIC VIETNAMESE CUISINE,05/22/2014,Seating 51-150 - Risk Category III,18114 E VALLEY HWY,KENT,98032,,-122.219347,47.439923,108 AUTHENTIC VIETNAMESE CUISINE,Routine Inspection/Field Review,30,Unsatisfactory,false,red,2110 - Proper cold holding temperatures (greater than  45 degrees F),10,PR0071992,DAGUPCZB9,IVVP1WBBH,
108 AUTHENTIC VIETNAMESE CUISINE,108 AUTHENTIC VIETNAMESE CUISINE,02/05/2014,Seating 51-150 - Risk Category III,18114 E VALLEY HWY,KENT,98032,,-122.219347,47.439923,108 AUTHENTIC VIETNAMESE CUISINE,Consultation/Education - Field,0,Complete,false,,,0,PR0071992,DAAQXJ8TR,,
108 AUTHENTIC VIETNAMESE CUISINE,108 AUTHENTIC VIETNAMESE CUISINE,05/23/2013,Seating 51-150 - Risk Category III,18114 E VALLEY HWY,KENT,98032,,-122.219347,47.439923,108 AUTHENTIC VIETNAMESE CUISINE,Consultation/Education - Field,0,Complete,false,,,0,PR0071992,DADUFCAWJ,,
108 AUTHENTIC VIETNAMESE CUISINE,108 AUTHENTIC VIETNAMESE CUISINE,02/28/2013,Seating 51-150 - Risk Category III,18114 E VALLEY HWY,KENT,98032,,-122.219347,47.439923,108 AUTHENTIC VIETNAMESE CUISINE,Routine Inspection/Field Review,0,Satisfactory,false,,,0,PR0071992,DA2417932,,
112TH DELI,112TH DELI,02/10/2016,Seating 13-50 - Risk Category III,1120 112TH AVE NE #125,BELLEVUE,98004,(206) 498-2652,-122.189657556,47.6206458226,112TH DELI,Routine Inspection/Field Review,10,Unsatisfactory,false,red,2110 - Proper cold holding temperatures (greater than  45 degrees F),10,PR0066560,DAZGFQ3B2,IVVAGIZUY,
112TH DELI,112TH DELI,01/27/2015,Seating 13-50 - Risk Category III,1120 112TH AVE NE #125,BELLEVUE,98004,(206) 498-2652,-122.189657556,47.6206458226,112TH DELI,Routine Inspection/Field Review,5,Unsatisfactory,false,red,2120 - Proper cold holding temperatures ( 42 degrees F to 45 degrees F),5,PR0066560,DAFA3LOEJ,IVH5K0WOB,
112TH DELI,112TH DELI,01/23/2015,Seating 13-50 - Risk Category III,1120 112TH AVE NE #125,BELLEVUE,98004,(206) 498-2652,-122.189657556,47.6206458226,112TH DELI,Routine Inspection/Field Review,0,Incomplete,false,,,0,PR0066560,DALMZZW0F,,
11TH AVENUE INN,11TH AVENUE INN,09/24/2015,Bed and Breakfast - Risk Category I,121 11TH AVE E ,SEATTLE,98102,,-122.3185139052,47.6194541314,11TH AVENUE INN,Routine Inspection/Field Review,5,Unsatisfactory,false,red,1400 - Raw meats below and away from ready to eat food; species separated,5,PR0071293,DA04MIOKO,IV5D0MPW9,
11TH AVENUE INN,11TH AVENUE INN,10/02/2014,Bed and Breakfast - Risk Category I,121 11TH AVE E ,SEATTLE,98102,,-122.3185139052,47.6194541314,11TH AVENUE INN,Routine Inspection/Field Review,0,Satisfactory,false,,,0,PR0071293,DAQYMJPLB,,
11TH AVENUE INN,11TH AVENUE INN,03/14/2013,Bed and Breakfast - Risk Category I,121 11TH AVE E ,SEATTLE,98102,,-122.3185139052,47.6194541314,11TH AVENUE INN,Routine Inspection/Field Review,0,Satisfactory,false,,,0,PR0071293,DAVESYRCK,,
11TH AVENUE INN,11TH AVENUE INN,07/13/2012,Bed and Breakfast - Risk Category I,121 11TH AVE E ,SEATTLE,98102,,-122.3185139052,47.6194541314,11TH AVENUE INN,Routine Inspection/Field Review,25,Unsatisfactory,false,red,0600 - Adequate handwashing facilities,10,PR0071293,DA2351989,IV5590203,
11TH AVENUE INN,11TH AVENUE INN,07/13/2012,Bed and Breakfast - Risk Category I,121 11TH AVE E ,SEATTLE,98102,,-122.3185139052,47.6194541314,11TH AVENUE INN,Routine Inspection/Field Review,25,Unsatisfactory,false,red,0500 - Proper methods used to prevent bare hand...,15,PR0071293,DA2351989,IV5590246,
11TH AVENUE INN,11TH AVENUE INN,12/06/2011,Bed and Breakfast - Risk Category I,121 11TH AVE E ,SEATTLE,98102,,-122.3185139052,47.6194541314,11TH AVENUE INN,Routine Inspection/Field Review,5,Unsatisfactory,false,red,2120 - Proper cold holding temperatures ( 42 degrees F to 45 degrees F),5,PR0071293,DA2287589,IV4446045,
11TH AVENUE INN,11TH AVENUE INN,05/18/2010,Bed and Breakfast - Risk Category I,121 11TH AVE E ,SEATTLE,98102,,-122.3185139052,47.6194541314,11TH AVENUE INN,Routine Inspection/Field Review,0,Satisfactory,false,,,0,PR0071293,DA2107126,,
11TH AVENUE INN,11TH AVENUE INN,04/16/2009,Bed and Breakfast - Risk Category I,121 11TH AVE E ,SEATTLE,98102,,-122.3185139052,47.6194541314,11TH AVENUE INN,Routine Inspection/Field Review,0,Satisfactory,false,,,0,PR0071293,DA1976429,,
11TH AVENUE INN,11TH AVENUE INN,04/10/2008,Bed and Breakfast - Risk Category I,121 11TH AVE E ,SEATTLE,98102,,-122.3185139052,47.6194541314,11TH AVENUE INN,Routine Inspection/Field Review,5,Unsatisfactory,false,red,Proper Consumer Advisory posted for raw ...,5,PR0071293,DA1828505,IV0620312,
11TH AVENUE INN,11TH AVENUE INN,09/06/2007,Bed and Breakfast - Risk Category I,121 11TH AVE E ,SEATTLE,98102,,-122.3185139052,47.6194541314,11TH AVENUE INN,Routine Inspection/Field Review,25,Unsatisfactory,false,blue,"Warewashing facilities properly installed,...",5,PR0071293,DA1742971,IV0595178,
11TH AVENUE INN,11TH AVENUE INN,09/06/2007,Bed and Breakfast - Risk Category I,121 11TH AVE E ,SEATTLE,98102,,-122.3185139052,47.6194541314,11TH AVENUE INN,Routine Inspection/Field Review,25,Unsatisfactory,false,red,Adequate handwashing facilities,10,PR0071293,DA1742971,IV0595176,
11TH AVENUE INN,11TH AVENUE INN,09/06/2007,Bed and Breakfast - Risk Category I,121 11TH AVE E ,SEATTLE,98102,,-122.3185139052,47.6194541314,11TH AVENUE INN,Routine Inspection/Field Review,25,Unsatisfactory,false,red,Accurate thermometer provided and used ...,5,PR0071293,DA1742971,IV0595177,
11TH AVENUE INN,11TH AVENUE INN,09/06/2007,Bed and Breakfast - Risk Category I,121 11TH AVE E ,SEATTLE,98102,,-122.3185139052,47.6194541314,11TH AVENUE INN,Routine Inspection/Field Review,25,Unsatisfactory,false,red,Food Worker Cards current for all food...,5,PR0071293,DA1742971,IV0595175,
11TH AVENUE INN,11TH AVENUE INN,01/26/2006,Bed and Breakfast - Risk Category I,121 11TH AVE E ,SEATTLE,98102,,-122.3185139052,47.6194541314,11TH AVENUE INN,Routine Inspection/Field Review,0,Satisfactory,false,,,0,PR0071293,DA1467379,,
11TH FRAME RESTAURANT & LOUNGE,11TH FRAME RESTAURANT & LOUNGE,03/06/2015,Seating 51-150 - Risk Category III,7638 NE BOTHELL WAY ,KENMORE,98028,(206) 486-5555,-122.2376817618,47.757874821,11TH FRAME RESTAURANT & LOUNGE,Routine Inspection/Field Review,10,Unsatisfactory,false,blue,"3100 - Proper labeling, signage",5,PR0006149,DAAWFEXNX,IV8ZSUO2Z,
11TH FRAME RESTAURANT & LOUNGE,11TH FRAME RESTAURANT & LOUNGE,03/06/2015,Seating 51-150 - Risk Category III,7638 NE BOTHELL WAY ,KENMORE,98028,(206) 486-5555,-122.2376817618,47.757874821,11TH FRAME RESTAURANT & LOUNGE,Routine Inspection/Field Review,10,Unsatisfactory,false,red,1500 - Proper handling of pooled eggs,5,PR0006149,DAAWFEXNX,IVCPR0DX3,
11TH FRAME RESTAURANT & LOUNGE,11TH FRAME RESTAURANT & LOUNGE,10/21/2014,Seating 51-150 - Risk Category III,7638 NE BOTHELL WAY ,KENMORE,98028,(206) 486-5555,-122.2376817618,47.757874821,11TH FRAME RESTAURANT & LOUNGE,Routine Inspection/Field Review,5,Satisfactory,false,red,1500 - Proper handling of pooled eggs,5,PR0006149,DAHRAAPR0,IVFVMMJOS,
11TH FRAME RESTAURANT & LOUNGE,11TH FRAME RESTAURANT & LOUNGE,04/15/2013,Seating 51-150 - Risk Category III,7638 NE BOTHELL WAY ,KENMORE,98028,(206) 486-5555,-122.2376817618,47.757874821,11TH FRAME RESTAURANT & LOUNGE,Routine Inspection/Field Review,30,Unsatisfactory,false,blue,"4200 - Food-contact surfaces maintained, clean, sanitized",5,PR0006149,DA389KULP,IVPPI78FP,
11TH FRAME RESTAURANT & LOUNGE,11TH FRAME RESTAURANT & LOUNGE,04/15/2013,Seating 51-150 - Risk Category III,7638 NE BOTHELL WAY ,KENMORE,98028,(206) 486-5555,-122.2376817618,47.757874821,11TH FRAME RESTAURANT & LOUNGE,Routine Inspection/Field Review,30,Unsatisfactory,false,red,1900 - No room temperature storage; proper use of time...,25,PR0006149,DA389KULP,IVKJANQQV,
11TH FRAME RESTAURANT & LOUNGE,11TH FRAME RESTAURANT & LOUNGE,10/16/2012,Seating 51-150 - Risk Category III,7638 NE BOTHELL WAY ,KENMORE,98028,(206) 486-5555,-122.2376817618,47.757874821,11TH FRAME RESTAURANT & LOUNGE,Routine Inspection/Field Review,5,Satisfactory,false,red,1500 - Proper handling of pooled eggs,5,PR0006149,DA2381244,IV6058459,
11TH FRAME RESTAURANT & LOUNGE,11TH FRAME RESTAURANT & LOUNGE,01/23/2012,Seating 51-150 - Risk Category III,7638 NE BOTHELL WAY ,KENMORE,98028,(206) 486-5555,-122.2376817618,47.757874821,11TH FRAME RESTAURANT & LOUNGE,Routine Inspection/Field Review,12,Satisfactory,false,blue,"3200 - Insects, rodents, animals not present; entrance...",5,PR0006149,DA2298965,IV4638864,
11TH FRAME RESTAURANT & LOUNGE,11TH FRAME RESTAURANT & LOUNGE,01/23/2012,Seating 51-150 - Risk Category III,7638 NE BOTHELL WAY ,KENMORE,98028,(206) 486-5555,-122.2376817618,47.757874821,11TH FRAME RESTAURANT & LOUNGE,Routine Inspection/Field Review,12,Satisfactory,false,blue,"4800 - Physical facilities properly installed,...",2,PR0006149,DA2298965,IV4638799,
11TH FRAME RESTAURANT & LOUNGE,11TH FRAME RESTAURANT & LOUNGE,01/23/2012,Seating 51-150 - Risk Category III,7638 NE BOTHELL WAY ,KENMORE,98028,(206) 486-5555,-122.2376817618,47.757874821,11TH FRAME RESTAURANT & LOUNGE,Routine Inspection/Field Review,12,Satisfactory,false,blue,"4200 - Food-contact surfaces maintained, clean, sanitized",5,PR0006149,DA2298965,IV4638824,
11TH FRAME RESTAURANT & LOUNGE,11TH FRAME RESTAURANT & LOUNGE,09/16/2011,Seating 51-150 - Risk Category III,7638 NE BOTHELL WAY ,KENMORE,98028,(206) 486-5555,-122.2376817618,47.757874821,11TH FRAME RESTAURANT & LOUNGE,Routine Inspection/Field Review,20,Unsatisfactory,false,blue,2900 - Adequate equipment for temperature control,5,PR0006149,DA2262268,IV4085518,
11TH FRAME RESTAURANT & LOUNGE,11TH FRAME RESTAURANT & LOUNGE,09/16/2011,Seating 51-150 - Risk Category III,7638 NE BOTHELL WAY ,KENMORE,98028,(206) 486-5555,-122.2376817618,47.757874821,11TH FRAME RESTAURANT & LOUNGE,Routine Inspection/Field Review,20,Unsatisfactory,false,blue,"4100 - Warewashing facilities properly installed,...",5,PR0006149,DA2262268,IV4085556,
11TH FRAME RESTAURANT & LOUNGE,11TH FRAME RESTAURANT & LOUNGE,09/16/2011,Seating 51-150 - Risk Category III,7638 NE BOTHELL WAY ,KENMORE,98028,(206) 486-5555,-122.2376817618,47.757874821,11TH FRAME RESTAURANT & LOUNGE,Routine Inspection/Field Review,20,Unsatisfactory,false,red,2110 - Proper cold holding temperatures (greater than  45 degrees F),10,PR0006149,DA2262268,IV4085541,
11TH FRAME RESTAURANT & LOUNGE,11TH FRAME RESTAURANT & LOUNGE,03/09/2011,Seating 51-150 - Risk Category III,7638 NE BOTHELL WAY ,KENMORE,98028,(206) 486-5555,-122.2376817618,47.757874821,11TH FRAME RESTAURANT & LOUNGE,Routine Inspection/Field Review,10,Satisfactory,false,blue,"4100 - Warewashing facilities properly installed,...",5,PR0006149,DA2201542,IV3204841,
11TH FRAME RESTAURANT & LOUNGE,11TH FRAME RESTAURANT & LOUNGE,03/09/2011,Seating 51-150 - Risk Category III,7638 NE BOTHELL WAY ,KENMORE,98028,(206) 486-5555,-122.2376817618,47.757874821,11TH FRAME RESTAURANT & LOUNGE,Routine Inspection/Field Review,10,Satisfactory,false,blue,2900 - Adequate equipment for temperature control,5,PR0006149,DA2201542,IV3204817,
11TH FRAME RESTAURANT & LOUNGE,11TH FRAME RESTAURANT & LOUNGE,12/01/2010,Seating 51-150 - Risk Category III,7638 NE BOTHELL WAY ,KENMORE,98028,(206) 486-5555,-122.2376817618,47.757874821,11TH FRAME RESTAURANT & LOUNGE,Routine Inspection/Field Review,20,Unsatisfactory,false,blue,3300 - Potential food contamination prevented during ...,5,PR0006149,DA2176888,IV2752304,
11TH FRAME RESTAURANT & LOUNGE,11TH FRAME RESTAURANT & LOUNGE,12/01/2010,Seating 51-150 - Risk Category III,7638 NE BOTHELL WAY ,KENMORE,98028,(206) 486-5555,-122.2376817618,47.757874821,11TH FRAME RESTAURANT & LOUNGE,Routine Inspection/Field Review,20,Unsatisfactory,false,blue,"4200 - Food-contact surfaces maintained, clean, sanitized",5,PR0006149,DA2176888,IV2752282,
11TH FRAME RESTAURANT & LOUNGE,11TH FRAME RESTAURANT & LOUNGE,12/01/2010,Seating 51-150 - Risk Category III,7638 NE BOTHELL WAY ,KENMORE,98028,(206) 486-5555,-122.2376817618,47.757874821,11TH FRAME RESTAURANT & LOUNGE,Routine Inspection/Field Review,20,Unsatisfactory,false,red,2120 - Proper cold holding temperatures ( 42 degrees F to 45 degrees F),5,PR0006149,DA2176888,IV2752262,
11TH FRAME RESTAURANT & LOUNGE,11TH FRAME RESTAURANT & LOUNGE,12/01/2010,Seating 51-150 - Risk Category III,7638 NE BOTHELL WAY ,KENMORE,98028,(206) 486-5555,-122.2376817618,47.757874821,11TH FRAME RESTAURANT & LOUNGE,Routine Inspection/Field Review,20,Unsatisfactory,false,red,0100 - PIC certified by accredited program...,5,PR0006149,DA2176888,IV2752291,
11TH FRAME RESTAURANT & LOUNGE,11TH FRAME RESTAURANT & LOUNGE,01/15/2010,Seating 51-150 - Risk Category III,7638 NE BOTHELL WAY ,KENMORE,98028,(206) 486-5555,-122.2376817618,47.757874821,11TH FRAME RESTAURANT & LOUNGE,Routine Inspection/Field Review,55,Unsatisfactory,false,blue,3300 - Potential food contamination prevented during ...,5,PR0006149,DA2068764,IV1520759,
11TH FRAME RESTAURANT & LOUNGE,11TH FRAME RESTAURANT & LOUNGE,01/15/2010,Seating 51-150 - Risk Category III,7638 NE BOTHELL WAY ,KENMORE,98028,(206) 486-5555,-122.2376817618,47.757874821,11TH FRAME RESTAURANT & LOUNGE,Routine Inspection/Field Review,55,Unsatisfactory,false,blue,"4100 - Warewashing facilities properly installed,...",5,PR0006149,DA2068764,IV1520758,
11TH FRAME RESTAURANT & LOUNGE,11TH FRAME RESTAURANT & LOUNGE,01/15/2010,Seating 51-150 - Risk Category III,7638 NE BOTHELL WAY ,KENMORE,98028,(206) 486-5555,-122.2376817618,47.757874821,11TH FRAME RESTAURANT & LOUNGE,Routine Inspection/Field Review,55,Unsatisfactory,false,blue,"3200 - Insects, rodents, animals not present; entrance...",5,PR0006149,DA2068764,IV1520760,
11TH FRAME RESTAURANT & LOUNGE,11TH FRAME RESTAURANT & LOUNGE,01/15/2010,Seating 51-150 - Risk Category III,7638 NE BOTHELL WAY ,KENMORE,98028,(206) 486-5555,-122.2376817618,47.757874821,11TH FRAME RESTAURANT & LOUNGE,Routine Inspection/Field Review,55,Unsatisfactory,false,red,0600 - Adequate handwashing facilities,10,PR0006149,DA2068764,IV1520761,
11TH FRAME RESTAURANT & LOUNGE,11TH FRAME RESTAURANT & LOUNGE,01/15/2010,Seating 51-150 - Risk Category III,7638 NE BOTHELL WAY ,KENMORE,98028,(206) 486-5555,-122.2376817618,47.757874821,11TH FRAME RESTAURANT & LOUNGE,Routine Inspection/Field Review,55,Unsatisfactory,false,red,1600 - Proper cooling procedure,30,PR0006149,DA2068764,IV1520757,
11TH FRAME RESTAURANT & LOUNGE,11TH FRAME RESTAURANT & LOUNGE,05/18/2009,Seating 51-150 - Risk Category III,7638 NE BOTHELL WAY ,KENMORE,98028,(206) 486-5555,-122.2376817618,47.757874821,11TH FRAME RESTAURANT & LOUNGE,Consultation/Education - Field,0,Complete,false,,,0,PR0006149,DA1985835,,
11TH FRAME RESTAURANT & LOUNGE,11TH FRAME RESTAURANT & LOUNGE,02/23/2009,Seating 51-150 - Risk Category III,7638 NE BOTHELL WAY ,KENMORE,98028,(206) 486-5555,-122.2376817618,47.757874821,11TH FRAME RESTAURANT & LOUNGE,Routine Inspection/Field Review,25,Unsatisfactory,false,blue,2900 - Adequate equipment for temperature control,5,PR0006149,DA1952289,IV0748359,
11TH FRAME RESTAURANT & LOUNGE,11TH FRAME RESTAURANT & LOUNGE,02/23/2009,Seating 51-150 - Risk Category III,7638 NE BOTHELL WAY ,KENMORE,98028,(206) 486-5555,-122.2376817618,47.757874821,11TH FRAME RESTAURANT & LOUNGE,Routine Inspection/Field Review,25,Unsatisfactory,false,blue,"4100 - Warewashing facilities properly installed,...",5,PR0006149,DA1952289,IV0748361,
11TH FRAME RESTAURANT & LOUNGE,11TH FRAME RESTAURANT & LOUNGE,02/23/2009,Seating 51-150 - Risk Category III,7638 NE BOTHELL WAY ,KENMORE,98028,(206) 486-5555,-122.2376817618,47.757874821,11TH FRAME RESTAURANT & LOUNGE,Routine Inspection/Field Review,25,Unsatisfactory,false,blue,"3100 - Proper labeling, signage",5,PR0006149,DA1952289,IV0748360,
11TH FRAME RESTAURANT & LOUNGE,11TH FRAME RESTAURANT & LOUNGE,02/23/2009,Seating 51-150 - Risk Category III,7638 NE BOTHELL WAY ,KENMORE,98028,(206) 486-5555,-122.2376817618,47.757874821,11TH FRAME RESTAURANT & LOUNGE,Routine Inspection/Field Review,25,Unsatisfactory,false,red,2110 - Proper cold holding temperatures (greater than  45 degrees F),10,PR0006149,DA1952289,IV0748358,
11TH FRAME RESTAURANT & LOUNGE,11TH FRAME RESTAURANT & LOUNGE,10/28/2008,Seating 51-150 - Risk Category III,7638 NE BOTHELL WAY ,KENMORE,98028,(206) 486-5555,-122.2376817618,47.757874821,11TH FRAME RESTAURANT & LOUNGE,Routine Inspection/Field Review,20,Unsatisfactory,false,blue,"Warewashing facilities properly installed,...",5,PR0006149,DA1913312,IV0641644,
11TH FRAME RESTAURANT & LOUNGE,11TH FRAME RESTAURANT & LOUNGE,10/28/2008,Seating 51-150 - Risk Category III,7638 NE BOTHELL WAY ,KENMORE,98028,(206) 486-5555,-122.2376817618,47.757874821,11TH FRAME RESTAURANT & LOUNGE,Routine Inspection/Field Review,20,Unsatisfactory,false,blue,"Wiping cloths properly used, stored",5,PR0006149,DA1913312,IV0641643,
11TH FRAME RESTAURANT & LOUNGE,11TH FRAME RESTAURANT & LOUNGE,10/28/2008,Seating 51-150 - Risk Category III,7638 NE BOTHELL WAY ,KENMORE,98028,(206) 486-5555,-122.2376817618,47.757874821,11TH FRAME RESTAURANT & LOUNGE,Routine Inspection/Field Review,20,Unsatisfactory,false,red,Proper cold holding temperatures (greater than  45 degrees F),10,PR0006149,DA1913312,IV0641642,
11TH FRAME RESTAURANT & LOUNGE,11TH FRAME RESTAURANT & LOUNGE,05/08/2008,Seating 51-150 - Risk Category III,7638 NE BOTHELL WAY ,KENMORE,98028,(206) 486-5555,-122.2376817618,47.757874821,11TH FRAME RESTAURANT & LOUNGE,Consultation/Education - Field,0,Complete,false,,,0,PR0006149,DA1841510,,
11TH FRAME RESTAURANT & LOUNGE,11TH FRAME RESTAURANT & LOUNGE,03/27/2008,Seating 51-150 - Risk Category III,7638 NE BOTHELL WAY ,KENMORE,98028,(206) 486-5555,-122.2376817618,47.757874821,11TH FRAME RESTAURANT & LOUNGE,Routine Inspection/Field Review,40,Unsatisfactory,false,blue,Potential food contamination prevented during ...,5,PR0006149,DA1822972,IV0618231,
11TH FRAME RESTAURANT & LOUNGE,11TH FRAME RESTAURANT & LOUNGE,03/27/2008,Seating 51-150 - Risk Category III,7638 NE BOTHELL WAY ,KENMORE,98028,(206) 486-5555,-122.2376817618,47.757874821,11TH FRAME RESTAURANT & LOUNGE,Routine Inspection/Field Review,40,Unsatisfactory,false,red,Proper cold holding temperatures ( 42 degrees F to 45 degrees F),5,PR0006149,DA1822972,IV0618233,
11TH FRAME RESTAURANT & LOUNGE,11TH FRAME RESTAURANT & LOUNGE,03/27/2008,Seating 51-150 - Risk Category III,7638 NE BOTHELL WAY ,KENMORE,98028,(206) 486-5555,-122.2376817618,47.757874821,11TH FRAME RESTAURANT & LOUNGE,Routine Inspection/Field Review,40,Unsatisfactory,false,red,Proper cooling procedure,30,PR0006149,DA1822972,IV0618232,
11TH FRAME RESTAURANT & LOUNGE,11TH FRAME RESTAURANT & LOUNGE,09/14/2007,Seating 51-150 - Risk Category III,7638 NE BOTHELL WAY ,KENMORE,98028,(206) 486-5555,-122.2376817618,47.757874821,11TH FRAME RESTAURANT & LOUNGE,Consultation/Education - Field,0,Complete,false,,,0,PR0006149,DA1741709,,
11TH FRAME RESTAURANT & LOUNGE,11TH FRAME RESTAURANT & LOUNGE,02/12/2007,Seating 51-150 - Risk Category III,7638 NE BOTHELL WAY ,KENMORE,98028,(206) 486-5555,-122.2376817618,47.757874821,11TH FRAME RESTAURANT & LOUNGE,Routine Inspection/Field Review,20,Unsatisfactory,false,blue,"Warewashing facilities properly installed,...",5,PR0006149,DA1648621,IV0575628,
11TH FRAME RESTAURANT & LOUNGE,11TH FRAME RESTAURANT & LOUNGE,02/12/2007,Seating 51-150 - Risk Category III,7638 NE BOTHELL WAY ,KENMORE,98028,(206) 486-5555,-122.2376817618,47.757874821,11TH FRAME RESTAURANT & LOUNGE,Routine Inspection/Field Review,20,Unsatisfactory,false,red,Proper cold holding temperatures (greater than  45 degrees F),10,PR0006149,DA1648621,IV0575627,
11TH FRAME RESTAURANT & LOUNGE,11TH FRAME RESTAURANT & LOUNGE,02/12/2007,Seating 51-150 - Risk Category III,7638 NE BOTHELL WAY ,KENMORE,98028,(206) 486-5555,-122.2376817618,47.757874821,11TH FRAME RESTAURANT & LOUNGE,Routine Inspection/Field Review,20,Unsatisfactory,false,red,Proper hot holding temperatures; between 130 degrees F...,5,PR0006149,DA1648621,IV0575626,
11TH FRAME RESTAURANT & LOUNGE,11TH FRAME RESTAURANT & LOUNGE,11/29/2006,Seating 51-150 - Risk Category III,7638 NE BOTHELL WAY ,KENMORE,98028,(206) 486-5555,-122.2376817618,47.757874821,11TH FRAME RESTAURANT & LOUNGE,Routine Inspection/Field Review,23,Unsatisfactory,false,blue,"Proper eating, tasting, drinking, or tobacco use",3,PR0006149,DA1615549,IV0569125,
11TH FRAME RESTAURANT & LOUNGE,11TH FRAME RESTAURANT & LOUNGE,11/29/2006,Seating 51-150 - Risk Category III,7638 NE BOTHELL WAY ,KENMORE,98028,(206) 486-5555,-122.2376817618,47.757874821,11TH FRAME RESTAURANT & LOUNGE,Routine Inspection/Field Review,23,Unsatisfactory,false,blue,"Food-contact surfaces maintained, clean, sanitized",5,PR0006149,DA1615549,IV0569127,
11TH FRAME RESTAURANT & LOUNGE,11TH FRAME RESTAURANT & LOUNGE,11/29/2006,Seating 51-150 - Risk Category III,7638 NE BOTHELL WAY ,KENMORE,98028,(206) 486-5555,-122.2376817618,47.757874821,11TH FRAME RESTAURANT & LOUNGE,Routine Inspection/Field Review,23,Unsatisfactory,false,blue,"Warewashing facilities properly installed,...",5,PR0006149,DA1615549,IV0569126,
11TH FRAME RESTAURANT & LOUNGE,11TH FRAME RESTAURANT & LOUNGE,11/29/2006,Seating 51-150 - Risk Category III,7638 NE BOTHELL WAY ,KENMORE,98028,(206) 486-5555,-122.2376817618,47.757874821,11TH FRAME RESTAURANT & LOUNGE,Routine Inspection/Field Review,23,Unsatisfactory,false,red,Proper cold holding temperatures ( 42 degrees F to 45 degrees F),5,PR0006149,DA1615549,IV0569124,
11TH FRAME RESTAURANT & LOUNGE,11TH FRAME RESTAURANT & LOUNGE,11/29/2006,Seating 51-150 - Risk Category III,7638 NE BOTHELL WAY ,KENMORE,98028,(206) 486-5555,-122.2376817618,47.757874821,11TH FRAME RESTAURANT & LOUNGE,Routine Inspection/Field Review,23,Unsatisfactory,false,red,Proper handling of pooled eggs,5,PR0006149,DA1615549,IV0569123,
11TH FRAME RESTAURANT & LOUNGE,11TH FRAME RESTAURANT & LOUNGE,11/21/2006,Seating 51-150 - Risk Category III,7638 NE BOTHELL WAY ,KENMORE,98028,(206) 486-5555,-122.2376817618,47.757874821,11TH FRAME RESTAURANT & LOUNGE,Consultation/Education - Field,0,Complete,false,,,0,PR0006149,DA1613678,,
11TH FRAME RESTAURANT & LOUNGE,11TH FRAME RESTAURANT & LOUNGE,03/14/2006,Seating 51-150 - Risk Category III,7638 NE BOTHELL WAY ,KENMORE,98028,(206) 486-5555,-122.2376817618,47.757874821,11TH FRAME RESTAURANT & LOUNGE,Routine Inspection/Field Review,25,Unsatisfactory,false,blue,Adequate equipment for temperature control,5,PR0006149,DA1506094,IV0544190,
11TH FRAME RESTAURANT & LOUNGE,11TH FRAME RESTAURANT & LOUNGE,03/14/2006,Seating 51-150 - Risk Category III,7638 NE BOTHELL WAY ,KENMORE,98028,(206) 486-5555,-122.2376817618,47.757874821,11TH FRAME RESTAURANT & LOUNGE,Routine Inspection/Field Review,25,Unsatisfactory,false,blue,"Wiping cloths properly used, stored",5,PR0006149,DA1506094,IV0544191,
11TH FRAME RESTAURANT & LOUNGE,11TH FRAME RESTAURANT & LOUNGE,03/14/2006,Seating 51-150 - Risk Category III,7638 NE BOTHELL WAY ,KENMORE,98028,(206) 486-5555,-122.2376817618,47.757874821,11TH FRAME RESTAURANT & LOUNGE,Routine Inspection/Field Review,25,Unsatisfactory,false,blue,"Warewashing facilities properly installed,...",5,PR0006149,DA1506094,IV0544194,
11TH FRAME RESTAURANT & LOUNGE,11TH FRAME RESTAURANT & LOUNGE,03/14/2006,Seating 51-150 - Risk Category III,7638 NE BOTHELL WAY ,KENMORE,98028,(206) 486-5555,-122.2376817618,47.757874821,11TH FRAME RESTAURANT & LOUNGE,Routine Inspection/Field Review,25,Unsatisfactory,false,red,Accurate thermometer provided and used ...,5,PR0006149,DA1506094,IV0544193,
11TH FRAME RESTAURANT & LOUNGE,11TH FRAME RESTAURANT & LOUNGE,03/14/2006,Seating 51-150 - Risk Category III,7638 NE BOTHELL WAY ,KENMORE,98028,(206) 486-5555,-122.2376817618,47.757874821,11TH FRAME RESTAURANT & LOUNGE,Routine Inspection/Field Review,25,Unsatisfactory,false,red,Proper handling of pooled eggs,5,PR0006149,DA1506094,IV0544189,
"12 BASKETS CAFE, INC","12 BASKETS CAFE, INC",10/29/2015,Seating 13-50 - Risk Category III,13112 NE 20th ST Ste 300,BELLEVUE,98005,(425) 524-2278,-122.165581369,47.6280970262,"12 BASKETS CAFE, INC",Return Inspection,35,Unsatisfactory,false,red,2110 - Proper cold holding temperatures (greater than  45 degrees F),10,PR0079457,DAFSAYSXW,IVAJL5P21,
"12 BASKETS CAFE, INC","12 BASKETS CAFE, INC",10/29/2015,Seating 13-50 - Risk Category III,13112 NE 20th ST Ste 300,BELLEVUE,98005,(425) 524-2278,-122.165581369,47.6280970262,"12 BASKETS CAFE, INC",Return Inspection,35,Unsatisfactory,false,red,1600 - Proper cooling procedure,25,PR0079457,DAFSAYSXW,IVF80O3E2,
"12 BASKETS CAFE, INC","12 BASKETS CAFE, INC",09/16/2015,Seating 13-50 - Risk Category III,13112 NE 20th ST Ste 300,BELLEVUE,98005,(425) 524-2278,-122.165581369,47.6280970262,"12 BASKETS CAFE, INC",Routine Inspection/Field Review,55,Unsatisfactory,false,red,1600 - Proper cooling procedure,25,PR0079457,DA6XFGK0S,IVM6VKOLL,
"12 BASKETS CAFE, INC","12 BASKETS CAFE, INC",09/16/2015,Seating 13-50 - Risk Category III,13112 NE 20th ST Ste 300,BELLEVUE,98005,(425) 524-2278,-122.165581369,47.6280970262,"12 BASKETS CAFE, INC",Routine Inspection/Field Review,55,Unsatisfactory,false,red,1400 - Raw meats below and away from ready to eat food; species separated,5,PR0079457,DA6XFGK0S,IVY0EI1SX,
"12 BASKETS CAFE, INC","12 BASKETS CAFE, INC",09/16/2015,Seating 13-50 - Risk Category III,13112 NE 20th ST Ste 300,BELLEVUE,98005,(425) 524-2278,-122.165581369,47.6280970262,"12 BASKETS CAFE, INC",Routine Inspection/Field Review,55,Unsatisfactory,false,red,1900 - No room temperature storage; proper use of time...,25,PR0079457,DA6XFGK0S,IVPEGMTVL,
120 GROCERY & DELI MART,120 GROCERY & DELI MART,04/10/2015,Seating 13-50 - Risk Category III,12001 NE 12TH ST #76,Bellevue,98005,(425) 898-1785,-122.178847106,47.620176495,120 GROCERY & DELI MART,Routine Inspection/Field Review,0,Satisfactory,false,,,0,PR0023382,DABNOAU08,,
120 GROCERY & DELI MART,120 GROCERY & DELI MART,09/25/2014,Seating 13-50 - Risk Category III,12001 NE 12TH ST #76,Bellevue,98005,(425) 898-1785,-122.178847106,47.620176495,120 GROCERY & DELI MART,Routine Inspection/Field Review,0,Satisfactory,false,,,0,PR0023382,DAQF41NH0,,
120 GROCERY & DELI MART,120 GROCERY & DELI MART,01/22/2014,Seating 13-50 - Risk Category III,12001 NE 12TH ST #76,Bellevue,98005,(425) 898-1785,-122.178847106,47.620176495,120 GROCERY & DELI MART,Routine Inspection/Field Review,0,Satisfactory,false,,,0,PR0023382,DAKCY8FOQ,,
120 GROCERY & DELI MART,120 GROCERY & DELI MART,09/23/2013,Seating 13-50 - Risk Category III,12001 NE 12TH ST #76,Bellevue,98005,(425) 898-1785,-122.178847106,47.620176495,120 GROCERY & DELI MART,Routine Inspection/Field Review,5,Satisfactory,false,blue,"3400 - Wiping cloths properly used, stored, proper sanitizer",5,PR0023382,DAVXCTSR5,IVTSVUQ9S,
120 GROCERY & DELI MART,120 GROCERY & DELI MART,04/16/2013,Seating 13-50 - Risk Category III,12001 NE 12TH ST #76,Bellevue,98005,(425) 898-1785,-122.178847106,47.620176495,120 GROCERY & DELI MART,Consultation/Education - Field,0,Complete,false,,,0,PR0023382,DAQLX3HFQ,,
120 GROCERY & DELI MART,120 GROCERY & DELI MART,01/10/2013,Seating 13-50 - Risk Category III,12001 NE 12TH ST #76,Bellevue,98005,(425) 898-1785,-122.178847106,47.620176495,120 GROCERY & DELI MART,Routine Inspection/Field Review,10,Unsatisfactory,false,blue,"3400 - Wiping cloths properly used, stored",5,PR0023382,DA2404982,IV6398162,
120 GROCERY & DELI MART,120 GROCERY & DELI MART,01/10/2013,Seating 13-50 - Risk Category III,12001 NE 12TH ST #76,Bellevue,98005,(425) 898-1785,-122.178847106,47.620176495,120 GROCERY & DELI MART,Routine Inspection/Field Review,10,Unsatisfactory,false,red,2120 - Proper cold holding temperatures ( 42 degrees F to 45 degrees F),5,PR0023382,DA2404982,IV6398141,
120 GROCERY & DELI MART,120 GROCERY & DELI MART,09/21/2012,Seating 13-50 - Risk Category III,12001 NE 12TH ST #76,Bellevue,98005,(425) 898-1785,-122.178847106,47.620176495,120 GROCERY & DELI MART,Routine Inspection/Field Review,0,Satisfactory,false,,,0,PR0023382,DA2373115,,